<?xml version="1.0" encoding="UTF-8"?>
<project-private xmlns="http://www.netbeans.org/ns/project-private/1">
    <editor-bookmarks xmlns="http://www.netbeans.org/ns/editor-bookmarks/2" lastBookmarkId="0"/>
    <open-files xmlns="http://www.netbeans.org/ns/projectui-open-files/2">
        <group>
            <file>file:/C:/Users/dell/Desktop/QuizTest/src/quiztest/Registration.java</file>
            <file>file:/C:/Users/dell/Desktop/QuizTest/src/quiztest/SaveEmail.java</file>
            <file>file:/C:/Users/dell/Desktop/QuizTest/src/quiztest/ChangePassword.java</file>
            <file>file:/C:/Users/dell/Desktop/QuizTest/src/quiztest/ViewProfile.java</file>
            <file>file:/C:/Users/dell/Desktop/QuizTest/src/quiztest/EditProfile.java</file>
            <file>file:/C:/Users/dell/Desktop/QuizTest/src/quiztest/Login.java</file>
        </group>
    </open-files>
</project-private>
